{
  "advisors_total": 331,
  "pct_advisors_lt3": 0.1782477341389728,
  "pct_advisors_lt5": 0.24169184290030213,
  "pct_advisors_lt10": 0.5105740181268882,
  "median_reviews_per_advisor": 9.0,
  "p90_reviews_per_advisor": 33.0
}