{
  "reviews": 4691,
  "advisors": 331,
  "rating_counts": {
    "1.0": 4,
    "2.0": 2,
    "3.0": 1,
    "4.0": 29,
    "5.0": 4609,
    "NaN": 46
  },
  "rev_per_adv_summary": {
    "count": 331.0,
    "mean": 14.169184290030211,
    "std": 16.210221773272,
    "min": 1.0,
    "25%": 5.0,
    "50%": 9.0,
    "75%": 17.5,
    "max": 141.0
  },
  "token_count_summary": {
    "count": 4691.0,
    "mean": 78.5781283308463,
    "std": 66.37693313848861,
    "min": 1.0,
    "25%": 39.0,
    "50%": 64.0,
    "75%": 103.0,
    "max": 2048.0
  },
  "pct_under_20_tokens": 0.09358345768492858,
  "pct_under_50_tokens": 0.3562140268599446
}